"Γεωγραφικό επίπεδο";"Γεωγραφικός κωδικός";"Περιγραφή τόπου μόνιμης διαμονής ";"Σύνολο";"Κάτοχοι διδακτορικού ή μεταπτυχιακού τίτλου  / Πτυχιούχοι Παν/μίου - Πολυτεχνείου, ΑΤΕΙ, ΑΣΠΑΙΤΕ ανώτερων επαγγελματικών και ισότιμων σχολών";"Πτυχιούχοι μεταδευτεροβάθμιας εκπαίδευσης (ΙΕΚ, Κολλέγια κλπ.) / Απόφοιτοι Λυκείου (Γενικού, Εκκλησιαστικού, Επαγγελματικού κλπ.)";"Απόφοιτοι τριτάξιου Γυμνασίου και πτυχιούχοι Επαγγελματικών Σχολών";"Απόφοιτοι Δημοτικού / Άλλη περίπτωση(1)"
0;"000";"ΣΥΝΟΛΟ ΧΩΡΑΣ";3727633;1188077;1446956;526807;565793
1;"1";"ΒΟΡΕΙΑ ΕΛΛΑΔΑ";980022;295810;360907;149347;173958
2;"11";"ΑΠΟΚΕΝΤΡΩΜΕΝΗ ΔΙΟΙΚΗΣΗ ΜΑΚΕΔΟΝΙΑΣ - ΘΡΑΚΗΣ";790439;241631;294682;118781;135345
3;"111";"ΠΕΡΙΦΕΡΕΙΑ ΑΝΑΤΟΛΙΚΗΣ ΜΑΚΕΔΟΝΙΑΣ ΚΑΙ ΘΡΑΚΗΣ";187306;47058;63958;27403;48887
4;"11101";"ΠΕΡΙΦΕΡΕΙΑΚΗ ΕΝΟΤΗΤΑ ΡΟΔΟΠΗΣ";35798;7497;8498;3575;16228
5;"1110101";"ΔΗΜΟΣ ΚΟΜΟΤΗΝΗΣ";20631;6657;6876;2305;4793
5;"1110102";"ΔΗΜΟΣ ΑΡΡΙΑΝΩΝ";6658;243;373;395;5647
5;"1110103";"ΔΗΜΟΣ ΙΑΣΜΟΥ";4505;250;542;356;3357
5;"1110104";"ΔΗΜΟΣ ΜΑΡΩΝΕΙΑΣ - ΣΑΠΩΝ";4004;347;707;519;2431
4;"11102";"ΠΕΡΙΦΕΡΕΙΑΚΗ ΕΝΟΤΗΤΑ ΔΡΑΜΑΣ";28020;7300;10244;5491;4985
5;"1110201";"ΔΗΜΟΣ ΔΡΑΜΑΣ";18021;5964;7031;2908;2118
5;"1110202";"ΔΗΜΟΣ ΔΟΞΑΤΟΥ";3810;651;1288;954;917
5;"1110203";"ΔΗΜΟΣ ΚΑΤΩ ΝΕΥΡΟΚΟΠΙΟΥ";2150;139;554;543;914
5;"1110204";"ΔΗΜΟΣ ΠΑΡΑΝΕΣΤΙΟΥ";808;103;267;235;203
5;"1110205";"ΔΗΜΟΣ ΠΡΟΣΟΤΣΑΝΗΣ";3231;443;1104;851;833
4;"11103";"ΠΕΡΙΦΕΡΕΙΑΚΗ ΕΝΟΤΗΤΑ ΕΒΡΟΥ";48443;12637;19781;6721;9304
5;"1110301";"ΔΗΜΟΣ ΑΛΕΞΑΝΔΡΟΥΠΟΛΗΣ";25044;8282;10807;3007;2948
5;"1110302";"ΔΗΜΟΣ ΔΙΔΥΜΟΤΕΙΧΟΥ";5334;1028;2056;776;1474
5;"1110303";"ΔΗΜΟΣ ΟΡΕΣΤΙΑΔΑΣ";12657;2512;5014;2048;3083
5;"1110304";"ΔΗΜΟΣ ΣΑΜΟΘΡΑΚΗΣ";937;192;330;138;277
5;"1110305";"ΔΗΜΟΣ ΣΟΥΦΛΙΟΥ";4471;623;1574;752;1522
4;"11104";"ΠΕΡΙΦΕΡΕΙΑΚΗ ΕΝΟΤΗΤΑ ΘΑΣΟΥ";4478;705;1519;1043;1211
5;"1110401";"ΔΗΜΟΣ ΘΑΣΟΥ";4478;705;1519;1043;1211
4;"11105";"ΠΕΡΙΦΕΡΕΙΑΚΗ ΕΝΟΤΗΤΑ ΚΑΒΑΛΑΣ";38942;10758;14149;6776;7259
5;"1110501";"ΔΗΜΟΣ ΚΑΒΑΛΑΣ";22033;7920;8638;3238;2237
5;"1110502";"ΔΗΜΟΣ ΝΕΣΤΟΥ";7060;1242;2361;1398;2059
5;"1110503";"ΔΗΜΟΣ ΠΑΓΓΑΙΟΥ";9849;1596;3150;2140;2963
4;"11106";"ΠΕΡΙΦΕΡΕΙΑΚΗ ΕΝΟΤΗΤΑ ΞΑΝΘΗΣ";31625;8161;9767;3797;9900
5;"1110601";"ΔΗΜΟΣ ΞΑΝΘΗΣ";19989;7291;7480;2182;3036
5;"1110602";"ΔΗΜΟΣ ΑΒΔΗΡΩΝ";5014;524;1419;749;2322
5;"1110603";"ΔΗΜΟΣ ΜΥΚΗΣ";3616;188;268;451;2709
5;"1110604";"ΔΗΜΟΣ ΤΟΠΕΙΡΟΥ";3006;158;600;415;1833
3;"112";"ΠΕΡΙΦΕΡΕΙΑ ΚΕΝΤΡΙΚΗΣ ΜΑΚΕΔΟΝΙΑΣ";603133;194573;230724;91378;86458
4;"11207";"ΠΕΡΙΦΕΡΕΙΑΚΗ ΕΝΟΤΗΤΑ ΘΕΣΣΑΛΟΝΙΚΗΣ";369392;140712;149111;47157;32412
5;"1120701";"ΔΗΜΟΣ ΘΕΣΣΑΛΟΝΙΚΗΣ";103243;49044;39344;9141;5714
5;"1120702";"ΔΗΜΟΣ ΑΜΠΕΛΟΚΗΠΩΝ - ΜΕΝΕΜΕΝΗΣ";15498;3983;6889;2747;1879
5;"1120703";"ΔΗΜΟΣ ΒΟΛΒΗΣ";6005;865;2000;1327;1813
5;"1120704";"ΔΗΜΟΣ ΔΕΛΤΑ";14263;2528;5330;3406;2999
5;"1120705";"ΔΗΜΟΣ ΘΕΡΜΑΪΚΟΥ";16435;5484;7195;2199;1557
5;"1120706";"ΔΗΜΟΣ ΘΕΡΜΗΣ";19743;8222;7822;2169;1530
5;"1120707";"ΔΗΜΟΣ ΚΑΛΑΜΑΡΙΑΣ";34420;17683;12670;2586;1481
5;"1120708";"ΔΗΜΟΣ ΚΟΡΔΕΛΙΟΥ - ΕΥΟΣΜΟΥ";36421;9665;17377;6192;3187
5;"1120709";"ΔΗΜΟΣ ΛΑΓΚΑΔΑ";11589;2144;4290;2440;2715
5;"1120710";"ΔΗΜΟΣ ΝΕΑΠΟΛΗΣ - ΣΥΚΕΩΝ";28301;10224;12363;3532;2182
5;"1120711";"ΔΗΜΟΣ ΠΑΥΛΟΥ ΜΕΛΑ";32621;8715;14899;5603;3404
5;"1120712";"ΔΗΜΟΣ ΠΥΛΑΙΑΣ - ΧΟΡΤΙΑΤΗ";27334;15013;9510;1873;938
5;"1120713";"ΔΗΜΟΣ ΧΑΛΚΗΔΟΝΟΣ";10162;1923;3856;2271;2112
5;"1120714";"ΔΗΜΟΣ ΩΡΑΙΟΚΑΣΤΡΟΥ";13357;5219;5566;1671;901
4;"11208";"ΠΕΡΙΦΕΡΕΙΑΚΗ ΕΝΟΤΗΤΑ ΗΜΑΘΙΑΣ";43103;10501;14696;8271;9635
5;"1120801";"ΔΗΜΟΣ ΒΕΡΟΙΑΣ";21275;6520;7521;3756;3478
5;"1120802";"ΔΗΜΟΣ ΑΛΕΞΑΝΔΡΕΙΑΣ";12054;1843;3827;2594;3790
5;"1120803";"ΔΗΜΟΣ ΝΑΟΥΣΑΣ";9774;2138;3348;1921;2367
4;"11209";"ΠΕΡΙΦΕΡΕΙΑΚΗ ΕΝΟΤΗΤΑ ΚΙΛΚΙΣ";22986;4981;8990;4590;4425
5;"1120901";"ΔΗΜΟΣ ΚΙΛΚΙΣ";15439;3605;6129;2994;2711
5;"1120902";"ΔΗΜΟΣ ΠΑΙΟΝΙΑΣ";7547;1376;2861;1596;1714
4;"11210";"ΠΕΡΙΦΕΡΕΙΑΚΗ ΕΝΟΤΗΤΑ ΠΕΛΛΑΣ";43803;9051;14811;8648;11293
5;"1121001";"ΔΗΜΟΣ ΕΔΕΣΣΑΣ";9191;2650;3345;1447;1749
5;"1121002";"ΔΗΜΟΣ ΑΛΜΩΠΙΑΣ";8505;1281;2585;1852;2787
5;"1121003";"ΔΗΜΟΣ ΠΕΛΛΑΣ";19917;4206;6770;3942;4999
5;"1121004";"ΔΗΜΟΣ ΣΚΥΔΡΑΣ";6190;914;2111;1407;1758
4;"11211";"ΠΕΡΙΦΕΡΕΙΑΚΗ ΕΝΟΤΗΤΑ ΠΙΕΡΙΑΣ";39424;10164;14266;6710;8284
5;"1121101";"ΔΗΜΟΣ ΚΑΤΕΡΙΝΗΣ";27504;8034;10241;4330;4899
5;"1121102";"ΔΗΜΟΣ ΔΙΟΥ - ΟΛΥΜΠΟΥ";7558;1387;2486;1491;2194
5;"1121103";"ΔΗΜΟΣ ΠΥΔΝΑΣ - ΚΟΛΙΝΔΡΟΥ";4362;743;1539;889;1191
4;"11212";"ΠΕΡΙΦΕΡΕΙΑΚΗ ΕΝΟΤΗΤΑ ΣΕΡΡΩΝ";49976;12145;15566;9161;13104
5;"1121201";"ΔΗΜΟΣ ΣΕΡΡΩΝ";24078;8972;8225;3385;3496
5;"1121202";"ΔΗΜΟΣ ΑΜΦΙΠΟΛΗΣ";2080;284;625;510;661
5;"1121203";"ΔΗΜΟΣ ΒΙΣΑΛΤΙΑΣ";5580;676;1542;1058;2304
5;"1121204";"ΔΗΜΟΣ ΕΜΜΑΝΟΥΗΛ ΠΑΠΠΑ";3946;482;1061;1019;1384
5;"1121205";"ΔΗΜΟΣ ΗΡΑΚΛΕΙΑΣ";5434;592;1412;1142;2288
5;"1121206";"ΔΗΜΟΣ ΝΕΑΣ ΖΙΧΝΗΣ";3611;415;1015;887;1294
5;"1121207";"ΔΗΜΟΣ ΣΙΝΤΙΚΗΣ";5247;724;1686;1160;1677
4;"11213";"ΠΕΡΙΦΕΡΕΙΑΚΗ ΕΝΟΤΗΤΑ ΧΑΛΚΙΔΙΚΗΣ ΚΑΙ ΑΓΙΟ ΟΡΟΣ (ΑΥΤΟΔΙΟΙΚΗΤΟ)";34449;7019;13284;6841;7305
5;"1121301";"ΔΗΜΟΣ ΠΟΛΥΓΥΡΟΥ";7394;1648;2807;1313;1626
5;"1121302";"ΔΗΜΟΙ ΑΡΙΣΤΟΤΕΛΗ ΚΑΙ ΑΓΙΟ ΟΡΟΣ (ΑΥΤΟΔΙΟΙΚΗΤΟ)";5305;1211;2038;1101;955
5;"1121303";"ΔΗΜΟΣ ΚΑΣΣΑΝΔΡΑΣ";5825;1042;2446;1177;1160
5;"1121304";"ΔΗΜΟΣ ΝΕΑΣ ΠΡΟΠΟΝΤΙΔΑΣ";11763;2414;4450;2403;2496
5;"1121305";"ΔΗΜΟΣ ΣΙΘΩΝΙΑΣ";4162;704;1543;847;1068
2;"12";"ΑΠΟΚΕΝΤΡΩΜΕΝΗ ΔΙΟΙΚΗΣΗ ΗΠΕΙΡΟΥ - ΔΥΤΙΚΗΣ ΜΑΚΕΔΟΝΙΑΣ";189583;54179;66225;30566;38613
3;"121";"ΠΕΡΙΦΕΡΕΙΑ ΔΥΤΙΚΗΣ ΜΑΚΕΔΟΝΙΑΣ";83530;23215;29932;14635;15748
4;"12114";"ΠΕΡΙΦΕΡΕΙΑΚΗ ΕΝΟΤΗΤΑ ΚΟΖΑΝΗΣ";43496;12975;16085;8154;6282
5;"1211401";"ΔΗΜΟΣ ΚΟΖΑΝΗΣ";21631;7299;7937;3706;2689
5;"1211402";"ΔΗΜΟΣ ΒΟΪΟΥ";4815;1004;1525;860;1426
5;"1211403";"ΔΗΜΟΣ ΕΟΡΔΑΙΑΣ";13318;3913;5342;2801;1262
5;"1211404";"ΔΗΜΟΣ ΣΕΡΒΙΩΝ - ΒΕΛΒΕΝΤΟΥ";3732;759;1281;787;905
4;"12115";"ΠΕΡΙΦΕΡΕΙΑΚΗ ΕΝΟΤΗΤΑ ΓΡΕΒΕΝΩΝ";8673;2239;3142;1204;2088
5;"1211501";"ΔΗΜΟΣ ΓΡΕΒΕΝΩΝ";7140;1952;2730;934;1524
5;"1211502";"ΔΗΜΟΣ ΔΕΣΚΑΤΗΣ";1533;287;412;270;564
4;"12116";"ΠΕΡΙΦΕΡΕΙΑΚΗ ΕΝΟΤΗΤΑ ΚΑΣΤΟΡΙΑΣ";16007;3943;5645;2435;3984
5;"1211601";"ΔΗΜΟΣ ΚΑΣΤΟΡΙΑΣ";11573;2960;4145;1719;2749
5;"1211602";"ΔΗΜΟΣ ΝΕΣΤΟΡΙΟΥ";691;112;242;119;218
5;"1211603";"ΔΗΜΟΣ ΟΡΕΣΤΙΔΟΣ";3743;871;1258;597;1017
4;"12117";"ΠΕΡΙΦΕΡΕΙΑΚΗ ΕΝΟΤΗΤΑ ΦΛΩΡΙΝΑΣ";15354;4058;5060;2842;3394
5;"1211701";"ΔΗΜΟΣ ΦΛΩΡΙΝΑΣ";9960;3142;3282;1604;1932
5;"1211702";"ΔΗΜΟΣ ΑΜΥΝΤΑΙΟΥ";4853;858;1658;1075;1262
5;"1211703";"ΔΗΜΟΣ ΠΡΕΣΠΩΝ";541;58;120;163;200
3;"122";"ΠΕΡΙΦΕΡΕΙΑ ΗΠΕΙΡΟΥ";106053;30964;36293;15931;22865
4;"12218";"ΠΕΡΙΦΕΡΕΙΑΚΗ ΕΝΟΤΗΤΑ ΙΩΑΝΝΙΝΩΝ";54654;18523;18726;7990;9415
5;"1221801";"ΔΗΜΟΣ ΙΩΑΝΝΙΤΩΝ";39287;15777;13850;4853;4807
5;"1221802";"ΔΗΜΟΣ ΒΟΡΕΙΩΝ ΤΖΟΥΜΕΡΚΩΝ";1518;306;511;273;428
5;"1221803";"ΔΗΜΟΣ ΔΩΔΩΝΗΣ";2490;351;747;582;810
5;"1221804";"ΔΗΜΟΣ ΖΑΓΟΡΙΟΥ";1147;190;413;245;299
5;"1221805";"ΔΗΜΟΣ ΖΙΤΣΑΣ";4704;999;1462;952;1291
5;"1221806";"ΔΗΜΟΣ ΚΟΝΙΤΣΑΣ";1684;298;655;299;432
5;"1221807";"ΔΗΜΟΣ ΜΕΤΣΟΒΟΥ";1686;298;463;341;584
5;"1221808";"ΔΗΜΟΣ ΠΩΓΩΝΙΟΥ";2138;304;625;445;764
4;"12219";"ΠΕΡΙΦΕΡΕΙΑΚΗ ΕΝΟΤΗΤΑ ΑΡΤΑΣ";19438;4757;6383;3126;5172
5;"1221901";"ΔΗΜΟΣ ΑΡΤΑΙΩΝ";13584;3983;4629;2002;2970
5;"1221902";"ΔΗΜΟΣ ΓΕΩΡΓΙΟΥ ΚΑΡΑΪΣΚΑΚΗ";1216;83;335;259;539
5;"1221903";"ΔΗΜΟΣ ΚΕΝΤΡΙΚΩΝ ΤΖΟΥΜΕΡΚΩΝ";1149;150;354;222;423
5;"1221904";"ΔΗΜΟΣ ΝΙΚΟΛΑΟΥ ΣΚΟΥΦΑ";3489;541;1065;643;1240
4;"12220";"ΠΕΡΙΦΕΡΕΙΑΚΗ ΕΝΟΤΗΤΑ ΘΕΣΠΡΩΤΙΑΣ";13983;3205;4910;2181;3687
5;"1222001";"ΔΗΜΟΣ ΗΓΟΥΜΕΝΙΤΣΑΣ";8774;2399;3299;1305;1771
5;"1222002";"ΔΗΜΟΣ ΣΟΥΛΙΟΥ";2979;544;926;486;1023
5;"1222003";"ΔΗΜΟΣ ΦΙΛΙΑΤΩΝ";2230;262;685;390;893
4;"12221";"ΠΕΡΙΦΕΡΕΙΑΚΗ ΕΝΟΤΗΤΑ ΠΡΕΒΕΖΑΣ";17978;4479;6274;2634;4591
5;"1222101";"ΔΗΜΟΣ ΠΡΕΒΕΖΑΣ";10509;3210;3818;1336;2145
5;"1222102";"ΔΗΜΟΣ ΖΗΡΟΥ";3707;742;1178;662;1125
5;"1222103";"ΔΗΜΟΣ ΠΑΡΓΑΣ";3762;527;1278;636;1321
1;"2";"ΚΕΝΤΡΙΚΗ ΕΛΛΑΔΑ";882831;221348;321085;145722;194676
2;"23";"ΑΠΟΚΕΝΤΡΩΜΕΝΗ ΔΙΟΙΚΗΣΗ ΘΕΣΣΑΛΙΑΣ - ΣΤΕΡΕΑΣ ΕΛΛΑΔΑΣ";406377;109007;147434;65853;84083
3;"231";"ΠΕΡΙΦΕΡΕΙΑ ΘΕΣΣΑΛΙΑΣ";230405;68118;81753;34825;45709
4;"23122";"ΠΕΡΙΦΕΡΕΙΑΚΗ ΕΝΟΤΗΤΑ ΛΑΡΙΣΑΣ";92713;29432;32903;13684;16694
5;"2312201";"ΔΗΜΟΣ ΛΑΡΙΣΑΙΩΝ";56186;23039;21145;6442;5560
5;"2312202";"ΔΗΜΟΣ ΑΓΙΑΣ";3346;502;997;800;1047
5;"2312203";"ΔΗΜΟΣ ΕΛΑΣΣΟΝΑΣ";9066;1350;2686;1834;3196
5;"2312204";"ΔΗΜΟΣ ΚΙΛΕΛΕΡ";6690;1420;2282;1266;1722
5;"2312205";"ΔΗΜΟΣ ΤΕΜΠΩΝ";3751;604;1287;837;1023
5;"2312206";"ΔΗΜΟΣ ΤΥΡΝΑΒΟΥ";8185;1516;2508;1526;2635
5;"2312207";"ΔΗΜΟΣ ΦΑΡΣΑΛΩΝ";5489;1001;1998;979;1511
4;"23123";"ΠΕΡΙΦΕΡΕΙΑΚΗ ΕΝΟΤΗΤΑ ΚΑΡΔΙΤΣΑΣ";33024;7772;10716;5522;9014
5;"2312301";"ΔΗΜΟΣ ΚΑΡΔΙΤΣΑΣ";17889;5959;6288;2484;3158
5;"2312302";"ΔΗΜΟΣ ΑΡΓΙΘΕΑΣ";572;41;167;151;213
5;"2312303";"ΔΗΜΟΣ ΛΙΜΝΗΣ ΠΛΑΣΤΗΡΑ";956;175;351;198;232
5;"2312304";"ΔΗΜΟΣ ΜΟΥΖΑΚΙΟΥ";3322;399;1049;716;1158
5;"2312305";"ΔΗΜΟΣ ΠΑΛΑΜΑ";5492;639;1400;1060;2393
5;"2312306";"ΔΗΜΟΣ ΣΟΦΑΔΩΝ";4793;559;1461;913;1860
4;"23124";"ΠΕΡΙΦΕΡΕΙΑΚΗ ΕΝΟΤΗΤΑ ΜΑΓΝΗΣΙΑΣ";60344;18868;23060;9166;9250
5;"2312401";"ΔΗΜΟΣ ΒΟΛΟΥ";46119;16267;18249;6272;5331
5;"2312402";"ΔΗΜΟΣ ΑΛΜΥΡΟΥ";5801;1299;2136;981;1385
5;"2312403";"ΔΗΜΟΣ ΖΑΓΟΡΑΣ - ΜΟΥΡΕΣΙΟΥ";2047;244;612;479;712
5;"2312404";"ΔΗΜΟΣ ΝΟΤΙΟΥ ΠΗΛΙΟΥ";3080;524;945;685;926
5;"2312405";"ΔΗΜΟΣ ΡΗΓΑ ΦΕΡΑΙΟΥ";3297;534;1118;749;896
4;"23125";"ΠΕΡΙΦΕΡΕΙΑΚΗ ΕΝΟΤΗΤΑ ΣΠΟΡΑΔΩΝ";4942;985;1858;1047;1052
5;"2312501";"ΔΗΜΟΣ ΣΚΙΑΘΟΥ";2551;475;983;527;566
5;"2312502";"ΔΗΜΟΣ ΑΛΟΝΝΗΣΟΥ";791;130;273;206;182
5;"2312503";"ΔΗΜΟΣ ΣΚΟΠΕΛΟΥ";1600;380;602;314;304
4;"23126";"ΠΕΡΙΦΕΡΕΙΑΚΗ ΕΝΟΤΗΤΑ ΤΡΙΚΑΛΩΝ";39382;11061;13216;5406;9699
5;"2312601";"ΔΗΜΟΣ ΤΡΙΚΚΑΙΩΝ";25972;8837;9285;3076;4774
5;"2312602";"ΔΗΜΟΣ ΚΑΛΑΜΠΑΚΑΣ";5754;1198;1865;923;1768
5;"2312603";"ΔΗΜΟΣ ΠΥΛΗΣ";3743;601;1184;680;1278
5;"2312604";"ΔΗΜΟΣ ΦΑΡΚΑΔΟΝΑΣ";3913;425;882;727;1879
3;"232";"ΠΕΡΙΦΕΡΕΙΑ ΣΤΕΡΕΑΣ ΕΛΛΑΔΑΣ";175972;40889;65681;31028;38374
4;"23227";"ΠΕΡΙΦΕΡΕΙΑΚΗ ΕΝΟΤΗΤΑ ΦΘΙΩΤΙΔΑΣ";49322;12076;19104;8297;9845
5;"2322701";"ΔΗΜΟΣ ΛΑΜΙΕΩΝ";24326;7776;9745;3552;3253
5;"2322702";"ΔΗΜΟΣ ΑΜΦΙΚΛΕΙΑΣ - ΕΛΑΤΕΙΑΣ";3408;601;1203;748;856
5;"2322703";"ΔΗΜΟΣ ΔΟΜΟΚΟΥ";3673;425;1224;717;1307
5;"2322704";"ΔΗΜΟΣ ΛΟΚΡΩΝ";6297;1222;2328;1138;1609
5;"2322705";"ΔΗΜΟΣ ΜΑΚΡΑΚΩΜΗΣ";3988;657;1709;626;996
5;"2322706";"ΔΗΜΟΣ ΜΩΛΟΥ - ΑΓΙΟΥ ΚΩΝΣΤΑΝΤΙΝΟΥ";3655;632;1425;723;875
5;"2322707";"ΔΗΜΟΣ ΣΤΥΛΙΔΟΣ";3975;763;1470;793;949
4;"23228";"ΠΕΡΙΦΕΡΕΙΑΚΗ ΕΝΟΤΗΤΑ ΒΟΙΩΤΙΑΣ";42085;8196;15218;7985;10686
5;"2322801";"ΔΗΜΟΣ ΛΕΒΑΔΕΩΝ";10673;3007;4064;1789;1813
5;"2322802";"ΔΗΜΟΣ ΑΛΙΑΡΤΟΥ";3706;521;1214;805;1166
5;"2322803";"ΔΗΜΟΣ ΔΙΣΤΟΜΟΥ - ΑΡΑΧΟΒΑΣ - ΑΝΤΙΚΥΡΑΣ";2693;715;1134;486;358
5;"2322804";"ΔΗΜΟΣ ΘΗΒΑΙΩΝ";13695;2489;4829;2491;3886
5;"2322805";"ΔΗΜΟΣ ΟΡΧΟΜΕΝΟΥ";3691;467;1144;800;1280
5;"2322806";"ΔΗΜΟΣ ΤΑΝΑΓΡΑΣ";7627;997;2833;1614;2183
4;"23229";"ΠΕΡΙΦΕΡΕΙΑΚΗ ΕΝΟΤΗΤΑ ΕΥΒΟΙΑΣ";67990;16694;24978;12040;14278
5;"2322901";"ΔΗΜΟΣ ΧΑΛΚΙΔΕΩΝ";36391;10564;13896;5886;6045
5;"2322902";"ΔΗΜΟΣ ΔΙΡΦΥΩΝ - ΜΕΣΣΑΠΙΩΝ";6067;838;2078;1086;2065
5;"2322903";"ΔΗΜΟΣ ΕΡΕΤΡΙΑΣ";3877;827;1504;780;766
5;"2322904";"ΔΗΜΟΣ ΙΣΤΙΑΙΑΣ - ΑΙΔΗΨΟΥ";6242;1177;1996;1155;1914
5;"2322905";"ΔΗΜΟΣ ΚΑΡΥΣΤΟΥ";3605;596;1259;734;1016
5;"2322906";"ΔΗΜΟΣ ΚΥΜΗΣ - ΑΛΙΒΕΡΙΟΥ";7722;1823;2864;1679;1356
5;"2322907";"ΔΗΜΟΣ ΜΑΝΤΟΥΔΙΟΥ - ΛΙΜΝΗΣ - ΑΓΙΑΣ ΑΝΝΑΣ";3032;585;996;530;921
5;"2322908";"ΔΗΜΟΣ ΣΚΥΡΟΥ";1054;284;385;190;195
4;"23230";"ΠΕΡΙΦΕΡΕΙΑΚΗ ΕΝΟΤΗΤΑ ΕΥΡΥΤΑΝΙΑΣ";5111;1049;1788;851;1423
5;"2323001";"ΔΗΜΟΣ ΚΑΡΠΕΝΗΣΙΟΥ";3715;917;1456;573;769
5;"2323002";"ΔΗΜΟΣ ΑΓΡΑΦΩΝ";1396;132;332;278;654
4;"23231";"ΠΕΡΙΦΕΡΕΙΑΚΗ ΕΝΟΤΗΤΑ ΦΩΚΙΔΑΣ";11464;2874;4593;1855;2142
5;"2323101";"ΔΗΜΟΣ ΔΕΛΦΩΝ";8378;2291;3347;1288;1452
5;"2323102";"ΔΗΜΟΣ ΔΩΡΙΔΟΣ";3086;583;1246;567;690
2;"24";"ΑΠΟΚΕΝΤΡΩΜΕΝΗ ΔΙΟΙΚΗΣΗ ΠΕΛΟΠΟΝΝΗΣΟΥ, ΔΥΤΙΚΗΣ ΕΛΛΑΔΑΣ ΚΑΙ ΙΟΝΙΟΥ";476454;112341;173651;79869;110593
3;"241";"ΠΕΡΙΦΕΡΕΙΑ ΙΟΝΙΩΝ ΝΗΣΩΝ";73350;16927;27207;12984;16232
4;"24132";"ΠΕΡΙΦΕΡΕΙΑΚΗ ΕΝΟΤΗΤΑ ΚΕΡΚΥΡΑΣ";36477;8362;13635;6460;8020
5;"2413201";"ΔΗΜΟΣ ΚΕΡΚΥΡΑΣ";35594;8214;13296;6239;7845
5;"2413202";"ΔΗΜΟΣ ΠΑΞΩΝ";883;148;339;221;175
4;"24133";"ΠΕΡΙΦΕΡΕΙΑΚΗ ΕΝΟΤΗΤΑ ΖΑΚΥΝΘΟΥ";15206;2874;5367;2761;4204
5;"2413301";"ΔΗΜΟΣ ΖΑΚΥΝΘΟΥ";15206;2874;5367;2761;4204
4;"24134";"ΠΕΡΙΦΕΡΕΙΑΚΗ ΕΝΟΤΗΤΑ ΙΘΑΚΗΣ";1081;234;467;195;185
5;"2413401";"ΔΗΜΟΣ ΙΘΑΚΗΣ";1081;234;467;195;185
4;"24135";"ΠΕΡΙΦΕΡΕΙΑΚΗ ΕΝΟΤΗΤΑ ΚΕΦΑΛΛΗΝΙΑΣ";12445;3232;4767;2311;2135
5;"2413501";"ΔΗΜΟΣ ΚΕΦΑΛΟΝΙΑΣ";12445;3232;4767;2311;2135
4;"24136";"ΠΕΡΙΦΕΡΕΙΑΚΗ ΕΝΟΤΗΤΑ ΛΕΥΚΑΔΑΣ";8141;2225;2971;1257;1688
5;"2413601";"ΔΗΜΟΣ ΛΕΥΚΑΔΑΣ";7863;2167;2877;1205;1614
5;"2413602";"ΔΗΜΟΣ ΜΕΓΑΝΗΣΙΟΥ";278;58;94;52;74
3;"242";"ΠΕΡΙΦΕΡΕΙΑ ΔΥΤΙΚΗΣ ΕΛΛΑΔΑΣ";206343;52471;73513;30631;49728
4;"24237";"ΠΕΡΙΦΕΡΕΙΑΚΗ ΕΝΟΤΗΤΑ ΑΧΑΪΑΣ";97034;31120;38426;12492;14996
5;"2423701";"ΔΗΜΟΣ ΠΑΤΡΕΩΝ";68820;26121;28036;7696;6967
5;"2423702";"ΔΗΜΟΣ ΑΙΓΙΑΛΕΙΑΣ";15515;3564;6276;2584;3091
5;"2423703";"ΔΗΜΟΣ ΔΥΤΙΚΗΣ ΑΧΑΪΑΣ";7033;814;2279;1138;2802
5;"2423704";"ΔΗΜΟΣ ΕΡΥΜΑΝΘΟΥ";2625;224;814;510;1077
5;"2423705";"ΔΗΜΟΣ ΚΑΛΑΒΡΥΤΩΝ";3041;397;1021;564;1059
4;"24238";"ΠΕΡΙΦΕΡΕΙΑΚΗ ΕΝΟΤΗΤΑ ΑΙΤΩΛΟΑΚΑΡΝΑΝΙΑΣ";59738;13064;19490;9579;17605
5;"2423801";"ΔΗΜΟΣ ΙΕΡΑΣ ΠΟΛΗΣ ΜΕΣΟΛΟΓΓΙΟΥ";9948;2185;3142;1469;3152
5;"2423802";"ΔΗΜΟΣ ΑΚΤΙΟΥ - ΒΟΝΙΤΣΑΣ";4905;545;1325;747;2288
5;"2423803";"ΔΗΜΟΣ ΑΓΡΙΝΙΟΥ";27172;7239;8939;4410;6584
5;"2423804";"ΔΗΜΟΣ ΑΜΦΙΛΟΧΙΑΣ";4549;556;1228;743;2022
5;"2423805";"ΔΗΜΟΣ ΘΕΡΜΟΥ";2078;220;718;459;681
5;"2423806";"ΔΗΜΟΣ ΝΑΥΠΑΚΤΙΑΣ";7774;2002;3273;1097;1402
5;"2423807";"ΔΗΜΟΣ ΞΗΡΟΜΕΡΟΥ";3312;317;865;654;1476
4;"24239";"ΠΕΡΙΦΕΡΕΙΑΚΗ ΕΝΟΤΗΤΑ ΗΛΕΙΑΣ";49571;8287;15597;8560;17127
5;"2423901";"ΔΗΜΟΣ ΠΥΡΓΟΥ";14652;3598;5307;2484;3263
5;"2423902";"ΔΗΜΟΣ ΗΛΙΔΑΣ";10136;1755;3158;1663;3560
5;"2423903";"ΔΗΜΟΣ ΑΝΔΡΑΒΙΔΑΣ - ΚΥΛΛΗΝΗΣ";7894;1083;1994;1164;3653
5;"2423904";"ΔΗΜΟΣ ΑΝΔΡΙΤΣΑΙΝΑΣ - ΚΡΕΣΤΕΝΩΝ";3769;353;1171;783;1462
5;"2423905";"ΔΗΜΟΣ ΑΡΧΑΙΑΣ ΟΛΥΜΠΙΑΣ";3714;430;1309;787;1188
5;"2423906";"ΔΗΜΟΣ ΖΑΧΑΡΩΣ";2580;406;813;548;813
5;"2423907";"ΔΗΜΟΣ ΠΗΝΕΙΟΥ";6826;662;1845;1131;3188
3;"243";"ΠΕΡΙΦΕΡΕΙΑ ΠΕΛΟΠΟΝΝΗΣΟΥ";196761;42943;72931;36254;44633
4;"24340";"ΠΕΡΙΦΕΡΕΙΑΚΗ ΕΝΟΤΗΤΑ ΑΡΚΑΔΙΑΣ";28236;6684;10819;4775;5958
5;"2434001";"ΔΗΜΟΣ ΤΡΙΠΟΛΗΣ";17068;4741;6838;2542;2947
5;"2434002";"ΔΗΜΟΣ ΒΟΡΕΙΑΣ ΚΥΝΟΥΡΙΑΣ";3214;705;1113;545;851
5;"2434003";"ΔΗΜΟΣ ΓΟΡΤΥΝΙΑΣ";2172;248;691;485;748
5;"2434004";"ΔΗΜΟΣ ΜΕΓΑΛΟΠΟΛΗΣ";3097;570;1343;659;525
5;"2434005";"ΔΗΜΟΣ ΝΟΤΙΑΣ ΚΥΝΟΥΡΙΑΣ";2685;420;834;544;887
4;"24341";"ΠΕΡΙΦΕΡΕΙΑΚΗ ΕΝΟΤΗΤΑ ΑΡΓΟΛΙΔΑΣ";34165;7365;12580;6272;7948
5;"2434101";"ΔΗΜΟΣ ΝΑΥΠΛΙΕΩΝ";12045;3275;4708;1903;2159
5;"2434102";"ΔΗΜΟΣ ΑΡΓΟΥΣ - ΜΥΚΗΝΩΝ";14605;2946;5461;2637;3561
5;"2434103";"ΔΗΜΟΣ ΕΠΙΔΑΥΡΟΥ";2713;367;811;583;952
5;"2434104";"ΔΗΜΟΣ ΕΡΜΙΟΝΙΔΑΣ";4802;777;1600;1149;1276
4;"24342";"ΠΕΡΙΦΕΡΕΙΑΚΗ ΕΝΟΤΗΤΑ ΚΟΡΙΝΘΙΑΣ";49454;11370;19283;8786;10015
5;"2434201";"ΔΗΜΟΣ ΚΟΡΙΝΘΙΩΝ";19965;5038;7973;3355;3599
5;"2434202";"ΔΗΜΟΣ ΒΕΛΟΥ - ΒΟΧΑΣ";6672;1435;2523;1223;1491
5;"2434203";"ΔΗΜΟΣ ΛΟΥΤΡΑΚΙΟΥ - ΑΓΙΩΝ ΘΕΟΔΩΡΩΝ";6751;1750;2953;1040;1008
5;"2434204";"ΔΗΜΟΣ ΝΕΜΕΑΣ";2280;334;798;485;663
5;"2434205";"ΔΗΜΟΣ ΞΥΛΟΚΑΣΤΡΟΥ - ΕΥΡΩΣΤΙΝΗΣ";5718;1264;2207;991;1256
5;"2434206";"ΔΗΜΟΣ ΣΙΚΥΩΝΙΩΝ";8068;1549;2829;1692;1998
4;"24343";"ΠΕΡΙΦΕΡΕΙΑΚΗ ΕΝΟΤΗΤΑ ΛΑΚΩΝΙΑΣ";31014;5704;10459;6082;8769
5;"2434301";"ΔΗΜΟΣ ΣΠΑΡΤΗΣ";11879;3060;4581;1944;2294
5;"2434302";"ΔΗΜΟΣ ΑΝΑΤΟΛΙΚΗΣ ΜΑΝΗΣ";4073;693;1509;954;917
5;"2434303";"ΔΗΜΟΣ ΕΛΑΦΟΝΗΣΟΥ";366;59;149;70;88
5;"2434304";"ΔΗΜΟΣ ΕΥΡΩΤΑ";7192;760;1990;1653;2789
5;"2434305";"ΔΗΜΟΣ ΜΟΝΕΜΒΑΣΙΑΣ";7504;1132;2230;1461;2681
4;"24344";"ΠΕΡΙΦΕΡΕΙΑΚΗ ΕΝΟΤΗΤΑ ΜΕΣΣΗΝΙΑΣ";53892;11820;19790;10339;11943
5;"2434401";"ΔΗΜΟΣ ΚΑΛΑΜΑΤΑΣ";23967;7760;9763;3360;3084
5;"2434402";"ΔΗΜΟΣ ΔΥΤΙΚΗΣ ΜΑΝΗΣ";2160;373;751;566;470
5;"2434403";"ΔΗΜΟΣ ΜΕΣΣΗΝΗΣ";7050;971;2496;1516;2067
5;"2434404";"ΔΗΜΟΣ ΟΙΧΑΛΙΑΣ";2996;434;1198;674;690
5;"2434405";"ΔΗΜΟΣ ΠΥΛΟΥ - ΝΕΣΤΟΡΟΣ";6981;864;2270;1688;2159
5;"2434406";"ΔΗΜΟΣ ΤΡΙΦΥΛΙΑΣ";10738;1418;3312;2535;3473
1;"3";"ΑΤΤΙΚΗ";1452203;565358;609655;161170;116020
2;"35";"ΑΠΟΚΕΝΤΡΩΜΕΝΗ ΔΙΟΙΚΗΣΗ ΑΤΤΙΚΗΣ";1452203;565358;609655;161170;116020
3;"351";"ΠΕΡΙΦΕΡΕΙΑ ΑΤΤΙΚΗΣ";1452203;565358;609655;161170;116020
4;"35145";"ΠΕΡΙΦΕΡΕΙΑΚΗ ΕΝΟΤΗΤΑ ΚΕΝΤΡΙΚΟΥ ΤΟΜΕΑ ΑΘΗΝΩΝ";401825;159208;170887;40778;30952
5;"3514501";"ΔΗΜΟΣ ΑΘΗΝΑΙΩΝ";260658;101718;109107;27381;22452
5;"3514502";"ΔΗΜΟΣ ΒΥΡΩΝΟΣ";23679;9432;10658;2268;1321
5;"3514503";"ΔΗΜΟΣ ΓΑΛΑΤΣΙΟΥ";23395;8743;10779;2348;1525
5;"3514504";"ΔΗΜΟΣ ΔΑΦΝΗΣ - ΥΜΗΤΤΟΥ";13017;5007;5879;1358;773
5;"3514505";"ΔΗΜΟΣ ΖΩΓΡΑΦΟΥ";26546;12592;10273;2100;1581
5;"3514506";"ΔΗΜΟΣ ΗΛΙΟΥΠΟΛΕΩΣ";30527;12606;13631;2725;1565
5;"3514507";"ΔΗΜΟΣ ΚΑΙΣΑΡΙΑΝΗΣ";10287;4184;4455;990;658
5;"3514508";"ΔΗΜΟΣ ΦΙΛΑΔΕΛΦΕΙΑΣ - ΧΑΛΚΗΔΟΝΟΣ";13716;4926;6105;1608;1077
4;"35146";"ΠΕΡΙΦΕΡΕΙΑΚΗ ΕΝΟΤΗΤΑ ΒΟΡΕΙΟΥ ΤΟΜΕΑ ΑΘΗΝΩΝ";241136;135162;82686;14490;8798
5;"3514601";"ΔΗΜΟΣ ΑΜΑΡΟΥΣΙΟΥ";29960;17481;10156;1479;844
5;"3514602";"ΔΗΜΟΣ ΑΓΙΑΣ ΠΑΡΑΣΚΕΥΗΣ";24581;15130;7896;1023;532
5;"3514603";"ΔΗΜΟΣ ΒΡΙΛΗΣΣΙΩΝ";12861;8345;3817;475;224
5;"3514604";"ΔΗΜΟΣ ΗΡΑΚΛΕΙΟΥ";20251;9762;7993;1547;949
5;"3514605";"ΔΗΜΟΣ ΚΗΦΙΣΙΑΣ";28790;17924;8638;1341;887
5;"3514606";"ΔΗΜΟΣ ΛΥΚΟΒΡΥΣΗΣ - ΠΕΥΚΗΣ";12663;6651;4696;868;448
5;"3514607";"ΔΗΜΟΣ ΜΕΤΑΜΟΡΦΩΣΕΩΣ";12170;3911;5685;1599;975
5;"3514608";"ΔΗΜΟΣ ΝΕΑΣ ΙΩΝΙΑΣ";26325;9260;11746;3133;2186
5;"3514609";"ΔΗΜΟΣ ΠΑΠΑΓΟΥ - ΧΟΛΑΡΓΟΥ";17492;11750;4885;579;278
5;"3514610";"ΔΗΜΟΣ ΠΕΝΤΕΛΗΣ";14447;8633;4549;820;445
5;"3514611";"ΔΗΜΟΣ ΦΙΛΟΘΕΗΣ - ΨΥΧΙΚΟΥ";11267;8253;2611;235;168
5;"3514612";"ΔΗΜΟΣ ΧΑΛΑΝΔΡΙΟΥ";30329;18062;10014;1391;862
4;"35147";"ΠΕΡΙΦΕΡΕΙΑΚΗ ΕΝΟΤΗΤΑ ΔΥΤΙΚΟΥ ΤΟΜΕΑ ΑΘΗΝΩΝ";182497;53208;84802;25942;18545
5;"3514701";"ΔΗΜΟΣ ΠΕΡΙΣΤΕΡΙΟΥ";52316;14315;24320;7846;5835
5;"3514702";"ΔΗΜΟΣ ΑΓΙΑΣ ΒΑΡΒΑΡΑΣ";8503;2024;3791;1404;1284
5;"3514703";"ΔΗΜΟΣ ΑΓΙΩΝ ΑΝΑΡΓΥΡΩΝ - ΚΑΜΑΤΕΡΟΥ";23870;6555;11358;3534;2423
5;"3514704";"ΔΗΜΟΣ ΑΙΓΑΛΕΩ";24825;7287;11182;3550;2806
5;"3514705";"ΔΗΜΟΣ ΙΛΙΟΥ";31711;8471;15143;4796;3301
5;"3514706";"ΔΗΜΟΣ ΠΕΤΡΟΥΠΟΛΕΩΣ";23550;7990;11020;2814;1726
5;"3514707";"ΔΗΜΟΣ ΧΑΪΔΑΡΙΟΥ";17722;6566;7988;1998;1170
4;"35148";"ΠΕΡΙΦΕΡΕΙΑΚΗ ΕΝΟΤΗΤΑ ΝΟΤΙΟΥ ΤΟΜΕΑ ΑΘΗΝΩΝ";205795;88465;89204;17930;10196
5;"3514801";"ΔΗΜΟΣ ΚΑΛΛΙΘΕΑΣ";37371;13108;17325;4316;2622
5;"3514802";"ΔΗΜΟΣ ΑΓΙΟΥ ΔΗΜΗΤΡΙΟΥ";28261;9299;13602;3289;2071
5;"3514803";"ΔΗΜΟΣ ΑΛΙΜΟΥ";16653;8457;6688;978;530
5;"3514804";"ΔΗΜΟΣ ΓΛΥΦΑΔΑΣ";34153;16920;13765;2272;1196
5;"3514805";"ΔΗΜΟΣ ΕΛΛΗΝΙΚΟΥ - ΑΡΓΥΡΟΥΠΟΛΗΣ";19979;7854;9178;1903;1044
5;"3514806";"ΔΗΜΟΣ ΜΟΣΧΑΤΟΥ - ΤΑΥΡΟΥ";15579;5293;7119;2015;1152
5;"3514807";"ΔΗΜΟΣ ΝΕΑΣ ΣΜΥΡΝΗΣ";29303;15309;11541;1643;810
5;"3514808";"ΔΗΜΟΣ ΠΑΛΑΙΟΥ ΦΑΛΗΡΟΥ";24496;12225;9986;1514;771
4;"35149";"ΠΕΡΙΦΕΡΕΙΑΚΗ ΕΝΟΤΗΤΑ ΑΝΑΤΟΛΙΚΗΣ ΑΤΤΙΚΗΣ";188117;68958;76237;22911;20011
5;"3514901";"ΔΗΜΟΣ ΑΧΑΡΝΩΝ";38480;9132;17606;6599;5143
5;"3514902";"ΔΗΜΟΣ ΒΑΡΗΣ - ΒΟΥΛΑΣ - ΒΟΥΛΙΑΓΜΕΝΗΣ";18568;10705;6264;1008;591
5;"3514903";"ΔΗΜΟΣ ΔΙΟΝΥΣΟΥ";16530;9184;5614;1091;641
5;"3514904";"ΔΗΜΟΣ ΚΡΩΠΙΑΣ";11225;3083;4691;1846;1605
5;"3514905";"ΔΗΜΟΣ ΛΑΥΡΕΩΤΙΚΗΣ";7747;1880;3395;1261;1211
5;"3514906";"ΔΗΜΟΣ ΜΑΡΑΘΩΝΟΣ";13953;3525;4577;1750;4101
5;"3514907";"ΔΗΜΟΣ ΜΑΡΚΟΠΟΥΛΟΥ ΜΕΣΟΓΑΙΑΣ";7354;2583;3191;965;615
5;"3514908";"ΔΗΜΟΣ ΠΑΙΑΝΙΑΣ";10768;4220;4482;1224;842
5;"3514909";"ΔΗΜΟΣ ΠΑΛΛΗΝΗΣ";23569;10791;9481;2045;1252
5;"3514910";"ΔΗΜΟΣ ΡΑΦΗΝΑΣ - ΠΙΚΕΡΜΙΟΥ";7920;4148;2923;520;329
5;"3514911";"ΔΗΜΟΣ ΣΑΡΩΝΙΚΟΥ";9980;3662;4133;1191;994
5;"3514912";"ΔΗΜΟΣ ΣΠΑΤΩΝ - ΑΡΤΕΜΙΔΟΣ";11763;3172;5553;1854;1184
5;"3514913";"ΔΗΜΟΣ ΩΡΩΠΟΥ";10260;2873;4327;1557;1503
4;"35150";"ΠΕΡΙΦΕΡΕΙΑΚΗ ΕΝΟΤΗΤΑ ΔΥΤΙΚΗΣ ΑΤΤΙΚΗΣ";53515;10358;22398;10556;10203
5;"3515001";"ΔΗΜΟΣ ΕΛΕΥΣΙΝΑΣ";11064;2812;4871;1967;1414
5;"3515002";"ΔΗΜΟΣ ΑΣΠΡΟΠΥΡΓΟΥ";9341;1183;4196;2209;1753
5;"3515003";"ΔΗΜΟΣ ΜΑΝΔΡΑΣ - ΕΙΔΥΛΛΙΑΣ";5995;1229;2540;1249;977
5;"3515004";"ΔΗΜΟΣ ΜΕΓΑΡΕΩΝ";11694;2546;4351;2100;2697
5;"3515005";"ΔΗΜΟΣ ΦΥΛΗΣ";15421;2588;6440;3031;3362
4;"35151";"ΠΕΡΙΦΕΡΕΙΑΚΗ ΕΝΟΤΗΤΑ ΠΕΙΡΑΙΩΣ";157669;45182;74435;24540;13512
5;"3515101";"ΔΗΜΟΣ ΠΕΙΡΑΙΩΣ";59122;20469;27309;7263;4081
5;"3515102";"ΔΗΜΟΣ ΚΕΡΑΤΣΙΝΙΟΥ - ΔΡΑΠΕΤΣΩΝΑΣ";31842;7900;15670;5534;2738
5;"3515103";"ΔΗΜΟΣ ΚΟΡΥΔΑΛΛΟΥ";21351;6311;9976;3269;1795
5;"3515104";"ΔΗΜΟΣ ΝΙΚΑΙΑΣ - ΑΓΙΟΥ ΙΩΑΝΝΗ ΡΕΝΤΗ";37009;8777;17542;6705;3985
5;"3515105";"ΔΗΜΟΣ ΠΕΡΑΜΑΤΟΣ";8345;1725;3938;1769;913
4;"35152";"ΠΕΡΙΦΕΡΕΙΑΚΗ ΕΝΟΤΗΤΑ ΝΗΣΩΝ";21649;4817;9006;4023;3803
5;"3515201";"ΔΗΜΟΣ ΣΑΛΑΜΙΝΟΣ";10374;2479;4704;1856;1335
5;"3515202";"ΔΗΜΟΣ ΥΔΡΑΣ";646;139;243;117;147
5;"3515203";"ΔΗΜΟΣ ΑΓΚΙΣΤΡΙΟΥ";363;71;145;86;61
5;"3515204";"ΔΗΜΟΣ ΑΙΓΙΝΑΣ";3963;948;1507;713;795
5;"3515205";"ΔΗΜΟΣ ΚΥΘΗΡΩΝ";1448;316;572;318;242
5;"3515206";"ΔΗΜΟΣ ΠΟΡΟΥ";1163;276;497;203;187
5;"3515207";"ΔΗΜΟΣ ΣΠΕΤΣΩΝ";1347;250;599;279;219
5;"3515208";"ΔΗΜΟΣ ΤΡΟΙΖΗΝΙΑΣ";2345;338;739;451;817
1;"4";"ΝΗΣΙΑ ΑΙΓΑΙΟΥ, ΚΡΗΤΗ";412577;105561;155309;70568;81139
2;"46";"ΑΠΟΚΕΝΤΡΩΜΕΝΗ ΔΙΟΙΚΗΣΗ ΑΙΓΑΙΟΥ";186859;44341;73105;33200;36213
3;"461";"ΠΕΡΙΦΕΡΕΙΑ ΒΟΡΕΙΟΥ ΑΙΓΑΙΟΥ";65909;17876;24892;10691;12450
4;"46153";"ΠΕΡΙΦΕΡΕΙΑΚΗ ΕΝΟΤΗΤΑ ΛΕΣΒΟΥ";27909;7337;9552;4654;6366
5;"4615301";"ΔΗΜΟΣ ΛΕΣΒΟΥ";27909;7337;9552;4654;6366
4;"46154";"ΠΕΡΙΦΕΡΕΙΑΚΗ ΕΝΟΤΗΤΑ ΙΚΑΡΙΑΣ";3068;632;1158;739;539
5;"4615401";"ΔΗΜΟΣ ΙΚΑΡΙΑΣ";2736;567;1075;690;404
5;"4615402";"ΔΗΜΟΣ ΦΟΥΡΝΩΝ ΚΟΡΣΕΩΝ";332;65;83;49;135
4;"46155";"ΠΕΡΙΦΕΡΕΙΑΚΗ ΕΝΟΤΗΤΑ ΛΗΜΝΟΥ";5994;1480;2472;974;1068
5;"4615501";"ΔΗΜΟΙ ΛΗΜΝΟΥ ΚΑΙ ΑΓΙΟΥ ΕΥΣΤΡΑΤΙΟΥ";5994;1480;2472;974;1068
4;"46156";"ΠΕΡΙΦΕΡΕΙΑΚΗ ΕΝΟΤΗΤΑ ΣΑΜΟΥ";11435;2751;4777;1802;2105
5;"4615601";"ΔΗΜΟΣ ΣΑΜΟΥ";11435;2751;4777;1802;2105
4;"46157";"ΠΕΡΙΦΕΡΕΙΑΚΗ ΕΝΟΤΗΤΑ ΧΙΟΥ";17503;5676;6933;2522;2372
5;"4615701";"ΔΗΜΟΣ ΧΙΟΥ";17154;5509;6834;2482;2329
5;"4615702";"ΔΗΜΟΙ ΟΙΝΟΥΣΣΩΝ ΚΑΙ ΨΑΡΩΝ ";349;167;99;40;43
3;"462";"ΠΕΡΙΦΕΡΕΙΑ ΝΟΤΙΟΥ ΑΙΓΑΙΟΥ";120950;26465;48213;22509;23763
4;"46258";"ΠΕΡΙΦΕΡΕΙΑΚΗ ΕΝΟΤΗΤΑ ΣΥΡΟΥ";7525;2195;3054;1249;1027
5;"4625801";"ΔΗΜΟΣ ΣΥΡΟΥ - ΕΡΜΟΥΠΟΛΗΣ";7525;2195;3054;1249;1027
4;"46259";"ΠΕΡΙΦΕΡΕΙΑΚΗ ΕΝΟΤΗΤΑ ΑΝΔΡΟΥ";3093;675;1041;625;752
5;"4625901";"ΔΗΜΟΣ ΑΝΔΡΟΥ";3093;675;1041;625;752
4;"46260";"ΠΕΡΙΦΕΡΕΙΑΚΗ ΕΝΟΤΗΤΑ ΘΗΡΑΣ";8066;1360;2957;1699;2050
5;"4626001";"ΔΗΜΟΣ ΘΗΡΑΣ";6687;1143;2515;1381;1648
5;"4626003";"ΔΗΜΟΣ ΙΗΤΩΝ";880;138;277;200;265
5;"4626005";"ΔΗΜΟΙ ΦΟΛΕΓΑΝΔΡΟΥ, ΣΙΚΙΝΟΥ ΚΑΙ ΑΝΑΦΗΣ";499;79;165;118;137
4;"46261";"ΠΕΡΙΦΕΡΕΙΑΚΗ ΕΝΟΤΗΤΑ ΚΑΛΥΜΝΟΥ";9384;2013;2973;1782;2616
5;"4626101";"ΔΗΜΟΣ ΚΑΛΥΜΝΙΩΝ";4754;1166;1468;777;1343
5;"4626103";"ΔΗΜΟΣ ΑΣΤΥΠΑΛΑΙΑΣ";438;86;120;136;96
5;"4626104";"ΔΗΜΟΙ ΛΕΙΨΩΝ ΚΑΙ ΑΓΑΘΟΝΗΣΙΟΥ";360;76;81;75;128
5;"4626105";"ΔΗΜΟΣ ΛΕΡΟΥ";2632;493;892;505;742
5;"4626106";"ΔΗΜΟΣ ΠΑΤΜΟΥ";1200;192;412;289;307
4;"46262";"ΠΕΡΙΦΕΡΕΙΑΚΗ ΕΝΟΤΗΤΑ ΚΑΡΠΑΘΟΥ";2572;525;986;487;574
5;"4626201";"ΔΗΜΟΣ ΚΑΡΠΑΘΟΥ";2305;461;892;429;523
5;"4626202";"ΔΗΜΟΣ ΚΑΣΟΥ";267;64;94;58;51
4;"46263";"ΠΕΡΙΦΕΡΕΙΑΚΗ ΕΝΟΤΗΤΑ ΚΕΑΣ - ΚΥΘΝΟΥ";1447;257;443;329;418
5;"4626301";"ΔΗΜΟΣ ΚΕΑΣ";896;165;287;195;249
5;"4626302";"ΔΗΜΟΣ ΚΥΘΝΟΥ";551;92;156;134;169
4;"46264";"ΠΕΡΙΦΕΡΕΙΑΚΗ ΕΝΟΤΗΤΑ ΚΩ";15684;2877;6510;2946;3351
5;"4626401";"ΔΗΜΟΣ ΚΩ";15357;2806;6395;2885;3271
5;"4626402";"ΔΗΜΟΣ ΝΙΣΥΡΟΥ";327;71;115;61;80
4;"46265";"ΠΕΡΙΦΕΡΕΙΑΚΗ ΕΝΟΤΗΤΑ ΜΗΛΟΥ";3376;687;1343;726;620
5;"4626501";"ΔΗΜΟΙ ΜΗΛΟΥ ΚΑΙ ΚΙΜΩΛΟΥ";1990;402;823;404;361
5;"4626503";"ΔΗΜΟΣ ΣΕΡΙΦΟΥ";484;95;183;93;113
5;"4626504";"ΔΗΜΟΣ ΣΙΦΝΟΥ";902;190;337;229;146
4;"46266";"ΠΕΡΙΦΕΡΕΙΑΚΗ ΕΝΟΤΗΤΑ ΜΥΚΟΝΟΥ";4943;912;2353;918;760
5;"4626601";"ΔΗΜΟΣ ΜΥΚΟΝΟΥ";4943;912;2353;918;760
4;"46267";"ΠΕΡΙΦΕΡΕΙΑΚΗ ΕΝΟΤΗΤΑ ΝΑΞΟΥ";7308;1635;2783;1137;1753
5;"4626701";"ΔΗΜΟΣ ΑΜΟΡΓΟΥ";737;190;246;135;166
5;"4626702";"ΔΗΜΟΣ ΝΑΞΟΥ ΚΑΙ ΜΙΚΡΩΝ ΚΥΚΛΑΔΩΝ";6571;1445;2537;1002;1587
4;"46268";"ΠΕΡΙΦΕΡΕΙΑΚΗ ΕΝΟΤΗΤΑ ΠΑΡΟΥ";5771;1179;2411;1149;1032
5;"4626801";"ΔΗΜΟΣ ΠΑΡΟΥ";5375;1125;2258;1051;941
5;"4626802";"ΔΗΜΟΣ ΑΝΤΙΠΑΡΟΥ";396;54;153;98;91
4;"46269";"ΠΕΡΙΦΕΡΕΙΑΚΗ ΕΝΟΤΗΤΑ ΡΟΔΟΥ";48617;11483;20132;8935;8067
5;"4626901";"ΔΗΜΟΣ ΡΟΔΟΥ";47009;11119;19563;8649;7678
5;"4626903";"ΔΗΜΟΣ ΣΥΜΗΣ";941;203;348;148;242
5;"4626904";"ΔΗΜΟΙ ΤΗΛΟΥ, ΜΕΓΙΣΤΗΣ ΚΑΙ ΧΑΛΚΗΣ ";667;161;221;138;147
4;"46270";"ΠΕΡΙΦΕΡΕΙΑΚΗ ΕΝΟΤΗΤΑ ΤΗΝΟΥ";3164;667;1227;527;743
5;"4627001";"ΔΗΜΟΣ ΤΗΝΟΥ";3164;667;1227;527;743
2;"47";"ΑΠΟΚΕΝΤΡΩΜΕΝΗ ΔΙΟΙΚΗΣΗ ΚΡΗΤΗΣ";225718;61220;82204;37368;44926
3;"471";"ΠΕΡΙΦΕΡΕΙΑ ΚΡΗΤΗΣ";225718;61220;82204;37368;44926
4;"47171";"ΠΕΡΙΦΕΡΕΙΑΚΗ ΕΝΟΤΗΤΑ ΗΡΑΚΛΕΙΟΥ";109627;30790;38377;17808;22652
5;"4717101";"ΔΗΜΟΣ ΗΡΑΚΛΕΙΟΥ";64269;22618;23665;9050;8936
5;"4717102";"ΔΗΜΟΣ ΑΡΧΑΝΩΝ - ΑΣΤΕΡΟΥΣΙΩΝ";5361;873;1539;1017;1932
5;"4717103";"ΔΗΜΟΣ ΒΙΑΝΝΟΥ";1782;192;486;295;809
5;"4717104";"ΔΗΜΟΣ ΓΟΡΤΥΝΑΣ";4456;435;976;1007;2038
5;"4717105";"ΔΗΜΟΣ ΜΑΛΕΒΙΖΙΟΥ";9439;2385;3366;1682;2006
5;"4717106";"ΔΗΜΟΣ ΜΙΝΩΑ ΠΕΔΙΑΔΑΣ";5124;773;1505;964;1882
5;"4717107";"ΔΗΜΟΣ ΦΑΙΣΤΟΥ";8885;1318;2661;1756;3150
5;"4717108";"ΔΗΜΟΣ ΧΕΡΣΟΝΗΣΟΥ";10311;2196;4179;2037;1899
4;"47172";"ΠΕΡΙΦΕΡΕΙΑΚΗ ΕΝΟΤΗΤΑ ΛΑΣΙΘΙΟΥ";28593;6483;10348;5374;6388
5;"4717201";"ΔΗΜΟΣ ΑΓΙΟΥ ΝΙΚΟΛΑΟΥ";10413;2777;4177;1768;1691
5;"4717202";"ΔΗΜΟΣ ΙΕΡΑΠΕΤΡΑΣ";11444;2144;3696;2377;3227
5;"4717203";"ΔΗΜΟΣ ΟΡΟΠΕΔΙΟΥ ΛΑΣΙΘΙΟΥ";744;92;239;136;277
5;"4717204";"ΔΗΜΟΣ ΣΗΤΕΙΑΣ";5992;1470;2236;1093;1193
4;"47173";"ΠΕΡΙΦΕΡΕΙΑΚΗ ΕΝΟΤΗΤΑ ΡΕΘΥΜΝΟΥ";30499;7380;11087;5435;6597
5;"4717301";"ΔΗΜΟΣ ΡΕΘΥΜΝΗΣ";20658;6240;7957;3161;3300
5;"4717302";"ΔΗΜΟΣ ΑΓΙΟΥ ΒΑΣΙΛΕΙΟΥ";2477;305;891;598;683
5;"4717303";"ΔΗΜΟΣ ΑΜΑΡΙΟΥ";1787;263;671;406;447
5;"4717304";"ΔΗΜΟΣ ΑΝΩΓΕΙΩΝ";801;169;222;131;279
5;"4717305";"ΔΗΜΟΣ ΜΥΛΟΠΟΤΑΜΟΥ";4776;403;1346;1139;1888
4;"47174";"ΠΕΡΙΦΕΡΕΙΑΚΗ ΕΝΟΤΗΤΑ ΧΑΝΙΩΝ";56999;16567;22392;8751;9289
5;"4717401";"ΔΗΜΟΣ ΧΑΝΙΩΝ";41417;14282;16599;5445;5091
5;"4717402";"ΔΗΜΟΣ ΑΠΟΚΟΡΩΝΟΥ";4006;611;1568;836;991
5;"4717404";"ΔΗΜΟΙ ΚΑΝΤΑΝΟΥ - ΣΕΛΙΝΟΥ ΚΑΙ ΓΑΥΔΟΥ ";1993;245;763;435;550
5;"4717405";"ΔΗΜΟΣ ΚΙΣΣΑΜΟΥ";3417;536;1207;684;990
5;"4717406";"ΔΗΜΟΣ ΠΛΑΤΑΝΙΑ";5532;813;2094;1208;1417
5;"4717407";"ΔΗΜΟΣ ΣΦΑΚΙΩΝ";634;80;161;143;250
